{
    "platforms": [
        {"image": "ground", "x": 0, "y": 446},
        {"image": "grass:8x1", "x": 0, "y": 320},
        {"image": "grass:2x1", "x": 420, "y": 236},
        {"image": "grass:1x1", "x": 588, "y": 404},
        {"image": "grass:1x1", "x": 672, "y": 150},
        {"image": "grass:8x1", "x": 672, "y": 320},
        {"image": "grass:1x1", "x": 0, "y": 200},
        {"image": "grass:1x1", "x": 200, "y": 150},
        {"image": "grass:6x1", "x": 380, "y": 84},
        {"image": "grass:2x1", "x": 798, "y": 84}
    ],
    "decoration": [
        {"frame": 0, "x": 84, "y": 404}, {"frame": 1, "x": 420, "y": 404},
        {"frame": 3, "x": 672, "y": 404}, {"frame": 4, "x": 595, "y": 362},
        {"frame": 2, "x": 142, "y": 278}, {"frame": 1, "x": 168, "y": 278},
        {"frame": 0, "x": 714, "y": 278},
        {"frame": 4, "x": 420, "y": 194},
        {"frame": 1, "x": 515, "y": 42}, {"frame": 3, "x": 525, "y": 42}
    ],
    "coins": [
        {"x": 231, "y": 424}, {"x": 273, "y": 424}, {"x": 315, "y": 424}, {"x": 357, "y": 424},
        {"x": 819, "y": 424}, {"x": 861, "y": 424}, {"x": 903, "y": 424}, {"x": 945, "y": 424},
        {"x": 399, "y": 194}, {"x": 357, "y": 215}, {"x": 336, "y": 257},
        {"x": 777, "y": 299}, {"x": 819, "y": 257}, {"x": 861, "y": 299}, {"x": 903, "y": 257}, {"x": 945, "y": 299},
        {"x": 50, "y": 131}, {"x": 92, "y": 131},
        {"x": 525, "y": 47}, {"x": 567, "y": 47}, {"x": 609, "y": 47}, {"x": 651, "y": 47},
        {"x": 819, "y": 63}, {"x": 861, "y": 63}
    ],
    "hero": {"x": 60, "y": 425},
    "spiders": [{"x": 121, "y": 299}, {"x": 800, "y": 262}, {"x": 500, "y": 47}],
    "door": {"x": 21, "y": 446},
    "key": {"x": 903, "y": 105}
}
